"Rank","Mountain Peak","State or Province","Mountain Range","Elevation","Elevation ft","Prominence","Prominence ft","Isolation","Isolation mi","Location"
"1","Mount Elbert","Colorado","Sawatch Range","4401.2","14,440","2772","9,093","1,079","671","39°07′04″N 106°26′43″W﻿ / ﻿39.1178°N 106.4454°W﻿ / 39.1178; -106.4454﻿ (Mount Elbert)"
"2","Mount Massive","Colorado","Sawatch Range","4398","14,428","598","1,961","8.14","5.06","39°11′15″N 106°28′33″W﻿ / ﻿39.1875°N 106.4757°W﻿ / 39.1875; -106.4757﻿ (Mount Massive)"
"3","Mount Harvard","Colorado","Sawatch Range","4395.6","14,421","719","2,360","24.0","14.92","38°55′28″N 106°19′15″W﻿ / ﻿38.9244°N 106.3207°W﻿ / 38.9244; -106.3207﻿ (Mount Harvard)"
"4","Blanca Peak","Colorado","Sangre de Cristo Mountains","4374","14,351","1623","5,326","166.4","103.4","37°34′39″N 105°29′08″W﻿ / ﻿37.5775°N 105.4856°W﻿ / 37.5775; -105.4856﻿ (Blanca Peak)"
"5","La Plata Peak","Colorado","Sawatch Range","4372","14,343","560","1,836","10.11","6.28","39°01′46″N 106°28′22″W﻿ / ﻿39.0294°N 106.4729°W﻿ / 39.0294; -106.4729﻿ (La Plata Peak)"
"6","Uncompahgre Peak","Colorado","San Juan Mountains","4365.0","14,321","1304","4,277","136.8","85.0","38°04′18″N 107°27′44″W﻿ / ﻿38.0717°N 107.4621°W﻿ / 38.0717; -107.4621﻿ (Uncompahgre Peak)"
"7","Crestone Peak","Colorado","Sangre de Cristo Range","4359","14,300","1388","4,554","44.0","27.4","37°58′01″N 105°35′08″W﻿ / ﻿37.9669°N 105.5855°W﻿ / 37.9669; -105.5855﻿ (Crestone Peak)"
"8","Mount Lincoln","Colorado","Mosquito Range","4356.5","14,293","1177","3,862","36.2","22.5","39°21′05″N 106°06′42″W﻿ / ﻿39.3515°N 106.1116°W﻿ / 39.3515; -106.1116﻿ (Mount Lincoln)"
"9","Castle Peak","Colorado","Elk Mountains","4352.2","14,279","721","2,365","33.6","20.9","39°00′35″N 106°51′41″W﻿ / ﻿39.0097°N 106.8614°W﻿ / 39.0097; -106.8614﻿ (Castle Peak)"
"10","Grays Peak","Colorado","Front Range","4352","14,278","844","2,770","40.2","25.0","39°38′02″N 105°49′03″W﻿ / ﻿39.6339°N 105.8176°W﻿ / 39.6339; -105.8176﻿ (Grays Peak)"
"11","Mount Antero","Colorado","Sawatch Range","4351.4","14,276","763","2,503","28.4","17.67","38°40′27″N 106°14′46″W﻿ / ﻿38.6741°N 106.2462°W﻿ / 38.6741; -106.2462﻿ (Mount Antero)"
"12","Mount Evans","Colorado","Front Range","4350","14,271","844","2,770","15.76","9.79","39°35′18″N 105°38′38″W﻿ / ﻿39.5883°N 105.6438°W﻿ / 39.5883; -105.6438﻿ (Mount Evans)"
"13","Longs Peak","Colorado","Front Range","4346","14,259","896","2,940","70.2","43.6","40°15′18″N 105°36′54″W﻿ / ﻿40.2550°N 105.6151°W﻿ / 40.2550; -105.6151﻿ (Longs Peak)"
"14","Mount Wilson","Colorado","San Miguel Mountains","4344","14,252","1227","4,024","53.1","33.0","37°50′21″N 107°59′30″W﻿ / ﻿37.8391°N 107.9916°W﻿ / 37.8391; -107.9916﻿ (Mount Wilson)"
"15","Mount Princeton","Colorado","Sawatch Range","4329.3","14,204","664","2,177","8.36","5.19","38°44′57″N 106°14′33″W﻿ / ﻿38.7492°N 106.2424°W﻿ / 38.7492; -106.2424﻿ (Mount Princeton)"
"16","Mount Yale","Colorado","Sawatch Range","4328.2","14,200","578","1,896","8.93","5.55","38°50′39″N 106°18′50″W﻿ / ﻿38.8442°N 106.3138°W﻿ / 38.8442; -106.3138﻿ (Mount Yale)"
"17","Maroon Peak","Colorado","Elk Mountains","4317.0","14,163","712","2,336","12.97","8.06","39°04′15″N 106°59′20″W﻿ / ﻿39.0708°N 106.9890°W﻿ / 39.0708; -106.9890﻿ (Maroon Peak)"
"18","Mount Sneffels","Colorado","Sneffels Range","4315.4","14,158","930","3,050","25.3","15.71","38°00′14″N 107°47′32″W﻿ / ﻿38.0038°N 107.7923°W﻿ / 38.0038; -107.7923﻿ (Mount Sneffels)"
"19","Capitol Peak","Colorado","Elk Mountains","4309","14,137","533","1,750","11.98","7.44","39°09′01″N 107°04′58″W﻿ / ﻿39.1503°N 107.0829°W﻿ / 39.1503; -107.0829﻿ (Capitol Peak)"
"20","Pikes Peak","Colorado","Front Range","4302.31","14,115","1686","5,530","97.6","60.6","38°50′26″N 105°02′39″W﻿ / ﻿38.8405°N 105.0442°W﻿ / 38.8405; -105.0442﻿ (Pikes Peak)"
"21","Windom Peak","Colorado","Needle Mountains","4296","14,093","667","2,187","42.4","26.3","37°37′16″N 107°35′31″W﻿ / ﻿37.6212°N 107.5919°W﻿ / 37.6212; -107.5919﻿ (Windom Peak)"
"22","Handies Peak","Colorado","San Juan Mountains","4284.8","14,058","582","1,908","18.00","11.18","37°54′47″N 107°30′16″W﻿ / ﻿37.9130°N 107.5044°W﻿ / 37.9130; -107.5044﻿ (Handies Peak)"
"23","Culebra Peak","Colorado","Culebra Range","4283","14,053","1471","4,827","56.9","35.4","37°07′21″N 105°11′09″W﻿ / ﻿37.1224°N 105.1858°W﻿ / 37.1224; -105.1858﻿ (Culebra Peak)"
"24","San Luis Peak","Colorado","La Garita Mountains","4273.8","14,022","949","3,113","43.4","26.9","37°59′12″N 106°55′53″W﻿ / ﻿37.9868°N 106.9313°W﻿ / 37.9868; -106.9313﻿ (San Luis Peak)"
"25","Mount of the Holy Cross","Colorado","Sawatch Range","4270.5","14,011","644","2,113","29.6","18.41","39°28′00″N 106°28′54″W﻿ / ﻿39.4668°N 106.4817°W﻿ / 39.4668; -106.4817﻿ (Mount of the Holy Cross)"
"26","Grizzly Peak","Colorado","Sawatch Range","4265.6","13,995","588","1,928","10.89","6.77","39°02′33″N 106°35′51″W﻿ / ﻿39.0425°N 106.5976°W﻿ / 39.0425; -106.5976﻿ (Grizzly Peak)"
"27","Mount Ouray","Colorado","Sawatch Range","4255.4","13,961","810","2,659","21.9","13.58","38°25′22″N 106°13′29″W﻿ / ﻿38.4227°N 106.2247°W﻿ / 38.4227; -106.2247﻿ (Mount Ouray)"
"28","Vermilion Peak","Colorado","San Juan Mountains","4237","13,900","642","2,105","14.60","9.07","37°47′57″N 107°49′43″W﻿ / ﻿37.7993°N 107.8285°W﻿ / 37.7993; -107.8285﻿ (Vermilion Peak)"
"29","Mount Silverheels","Colorado","Front Range","4215.0","13,829","696","2,283","8.82","5.48","39°20′22″N 106°00′19″W﻿ / ﻿39.3394°N 106.0054°W﻿ / 39.3394; -106.0054﻿ (Mount Silverheels)"
"30","Rio Grande Pyramid","Colorado","San Juan Mountains","4214.4","13,827","573","1,881","17.31","10.76","37°40′47″N 107°23′33″W﻿ / ﻿37.6797°N 107.3924°W﻿ / 37.6797; -107.3924﻿ (Rio Grande Pyramid)"
"31","Gannett Peak","Wyoming","Wind River Range","4209.1","13,809","2157","7,076","467","290","43°11′03″N 109°39′15″W﻿ / ﻿43.1842°N 109.6542°W﻿ / 43.1842; -109.6542﻿ (Gannett Peak)"
"32","Grand Teton","Wyoming","Teton Range","4198.7","13,775","1995","6,545","111.6","69.4","43°44′28″N 110°48′09″W﻿ / ﻿43.7412°N 110.8024°W﻿ / 43.7412; -110.8024﻿ (Grand Teton)"
"33","Bald Mountain","Colorado","Front Range","4173","13,690","640","2,099","12.09","7.51","39°26′41″N 105°58′14″W﻿ / ﻿39.4448°N 105.9705°W﻿ / 39.4448; -105.9705﻿ (Bald Mountain)"
"34","Mount Oso","Colorado","San Juan Mountains","4173","13,690","507","1,664","8.71","5.41","37°36′25″N 107°29′37″W﻿ / ﻿37.6070°N 107.4936°W﻿ / 37.6070; -107.4936﻿ (Mount Oso)"
"35","Mount Jackson","Colorado","Sawatch Range","4168.5","13,676","552","1,810","5.16","3.21","39°29′07″N 106°32′12″W﻿ / ﻿39.4853°N 106.5367°W﻿ / 39.4853; -106.5367﻿ (Mount Jackson)"
"36","Bard Peak","Colorado","Front Range","4159","13,647","518","1,701","8.74","5.43","39°43′13″N 105°48′16″W﻿ / ﻿39.7204°N 105.8044°W﻿ / 39.7204; -105.8044﻿ (Bard Peak)"
"37","West Spanish Peak","Colorado","Spanish Peaks","4155","13,631","1123","3,686","32.0","19.87","37°22′32″N 104°59′36″W﻿ / ﻿37.3756°N 104.9934°W﻿ / 37.3756; -104.9934﻿ (West Spanish Peak)"
"38","Mount Powell","Colorado","Gore Range","4141","13,586","914","3,000","34.6","21.5","39°45′36″N 106°20′27″W﻿ / ﻿39.7601°N 106.3407°W﻿ / 39.7601; -106.3407﻿ (Mount Powell)"
"39","Hagues Peak","Colorado","Mummy Range","4137","13,573","738","2,420","25.3","15.70","40°29′04″N 105°38′47″W﻿ / ﻿40.4845°N 105.6464°W﻿ / 40.4845; -105.6464﻿ (Hagues Peak)"
"40","Tower Mountain","Colorado","San Juan Mountains","4132","13,558","504","1,652","7.86","4.88","37°51′26″N 107°37′23″W﻿ / ﻿37.8573°N 107.6230°W﻿ / 37.8573; -107.6230﻿ (Tower Mountain)"
"41","Treasure Mountain","Colorado","Elk Mountains","4125","13,535","862","2,828","11.13","6.92","39°01′28″N 107°07′22″W﻿ / ﻿39.0244°N 107.1228°W﻿ / 39.0244; -107.1228﻿ (Treasure Mountain)"
"42","Kings Peak","Utah","Uinta Mountains","4125","13,534","1938","6,358","268","166.6","40°46′35″N 110°22′22″W﻿ / ﻿40.7763°N 110.3729°W﻿ / 40.7763; -110.3729﻿ (Kings Peak)"
"43","North Arapaho Peak","Colorado","Front Range","4117","13,508","507","1,665","24.8","15.38","40°01′35″N 105°39′01″W﻿ / ﻿40.0265°N 105.6504°W﻿ / 40.0265; -105.6504﻿ (North Arapaho Peak)"
"44","Parry Peak","Colorado","Front Range","4083","13,397","524","1,720","15.22","9.46","39°50′17″N 105°42′48″W﻿ / ﻿39.8381°N 105.7132°W﻿ / 39.8381; -105.7132﻿ (Parry Peak)"
"45","Bill Williams Peak","Colorado","Williams Mountains","4081","13,389","513","1,682","6.00","3.73","39°10′50″N 106°36′37″W﻿ / ﻿39.1806°N 106.6102°W﻿ / 39.1806; -106.6102﻿ (Bill Williams Peak)"
"46","Sultan Mountain","Colorado","San Juan Mountains","4076","13,373","569","1,868","7.39","4.59","37°47′09″N 107°42′14″W﻿ / ﻿37.7859°N 107.7038°W﻿ / 37.7859; -107.7038﻿ (Sultan Mountain)"
"47","Mount Herard","Colorado","Sangre de Cristo Mountains","4068","13,345","622","2,040","7.45","4.63","37°50′57″N 105°29′42″W﻿ / ﻿37.8492°N 105.4949°W﻿ / 37.8492; -105.4949﻿ (Mount Herard)"
"48","West Buffalo Peak","Colorado","Mosquito Range","4064","13,332","605","1,986","15.46","9.61","38°59′30″N 106°07′30″W﻿ / ﻿38.9917°N 106.1249°W﻿ / 38.9917; -106.1249﻿ (West Buffalo Peak)"
"49","Summit Peak","Colorado","San Juan Mountains","4056.2","13,308","841","2,760","63.7","39.6","37°21′02″N 106°41′48″W﻿ / ﻿37.3506°N 106.6968°W﻿ / 37.3506; -106.6968﻿ (Summit Peak)"
"50","Middle Peak","Colorado","San Miguel Mountains","4056","13,306","597","1,960","7.69","4.78","37°51′13″N 108°06′30″W﻿ / ﻿37.8536°N 108.1082°W﻿ / 37.8536; -108.1082﻿ (Middle Peak)"
"51","Antora Peak","Colorado","Sawatch Range","4046","13,275","734","2,409","10.86","6.75","38°19′30″N 106°13′05″W﻿ / ﻿38.3250°N 106.2180°W﻿ / 38.3250; -106.2180﻿ (Antora Peak)"
"52","Henry Mountain","Colorado","Sawatch Range","4042","13,261","510","1,674","17.61","10.94","38°41′08″N 106°37′16″W﻿ / ﻿38.6856°N 106.6211°W﻿ / 38.6856; -106.6211﻿ (Henry Mountain)"
"53","Hesperus Mountain","Colorado","La Plata Mountains","4035","13,237","869","2,852","39.5","24.5","37°26′42″N 108°05′20″W﻿ / ﻿37.4451°N 108.0890°W﻿ / 37.4451; -108.0890﻿ (Hesperus Mountain)"
"54","Jacque Peak","Colorado","Gore Range","4027","13,211","629","2,065","7.28","4.52","39°27′18″N 106°11′49″W﻿ / ﻿39.4549°N 106.1970°W﻿ / 39.4549; -106.1970﻿ (Jacque Peak)"
"55","Bennett Peak","Colorado","San Juan Mountains","4026","13,209","531","1,743","27.5","17.08","37°29′00″N 106°26′03″W﻿ / ﻿37.4833°N 106.4343°W﻿ / 37.4833; -106.4343﻿ (Bennett Peak)"
"56","Wind River Peak","Wyoming","Wind River Range","4022.4","13,197","784","2,572","56.6","35.1","42°42′31″N 109°07′42″W﻿ / ﻿42.7085°N 109.1284°W﻿ / 42.7085; -109.1284﻿ (Wind River Peak)"
"57","Conejos Peak","Colorado","San Juan Mountains","4017.0","13,179","583","1,912","13.12","8.15","37°17′19″N 106°34′15″W﻿ / ﻿37.2887°N 106.5709°W﻿ / 37.2887; -106.5709﻿ (Conejos Peak)"
"58","Cloud Peak","Wyoming","Bighorn Mountains","4013.3","13,167","2157","7,077","233","145.0","44°22′56″N 107°10′26″W﻿ / ﻿44.3821°N 107.1739°W﻿ / 44.3821; -107.1739﻿ (Cloud Peak)"
"59","Wheeler Peak","New Mexico","Taos Mountains","4013.3","13,167","1039","3,409","59.6","37.0","36°33′25″N 105°25′01″W﻿ / ﻿36.5569°N 105.4169°W﻿ / 36.5569; -105.4169﻿ (Wheeler Peak)"
"60","Francs Peak","Wyoming","Absaroka Range","4012.3","13,164","1236","4,056","76.0","47.2","43°57′41″N 109°20′21″W﻿ / ﻿43.9613°N 109.3392°W﻿ / 43.9613; -109.3392﻿ (Francs Peak)"
"61","Twilight Peak","Colorado","Needle Mountains","4012","13,163","713","2,338","7.86","4.88","37°39′47″N 107°43′37″W﻿ / ﻿37.6630°N 107.7270°W﻿ / 37.6630; -107.7270﻿ (Twilight Peak)"
"62","South River Peak","Colorado","San Juan Mountains","4009.4","13,154","746","2,448","34.0","21.1","37°34′27″N 106°58′53″W﻿ / ﻿37.5741°N 106.9815°W﻿ / 37.5741; -106.9815﻿ (South River Peak)"
"63","Bushnell Peak","Colorado","Sangre de Cristo Mountains","3995.8","13,110","733","2,405","17.82","11.07","38°20′28″N 105°53′21″W﻿ / ﻿38.3412°N 105.8892°W﻿ / 38.3412; -105.8892﻿ (Bushnell Peak)"
"64","Truchas Peak","New Mexico","Santa Fe Mountains","3995.2","13,108","1220","4,001","68.2","42.3","35°57′45″N 105°38′42″W﻿ / ﻿35.9625°N 105.6450°W﻿ / 35.9625; -105.6450﻿ (Truchas Peak)"
"65","West Elk Peak","Colorado","West Elk Mountains","3975.2","13,042","943","3,095","22.2","13.78","38°43′04″N 107°11′58″W﻿ / ﻿38.7179°N 107.1994°W﻿ / 38.7179; -107.1994﻿ (West Elk Peak)"
"66","Mount Centennial[258][259] (Peak 13010)","Colorado","San Juan Mountains","3967","13,016","546","1,790","4.61","2.86","37°36′22″N 107°14′41″W﻿ / ﻿37.6062°N 107.2446°W﻿ / 37.6062; -107.2446﻿ (Mount Centennial)"
"67","Mount Robson","British Columbia","Canadian Rockies","3959","12,989","2829","9,281","460","286","53°06′38″N 119°09′24″W﻿ / ﻿53.1105°N 119.1566°W﻿ / 53.1105; -119.1566﻿ (Mount Robson)"
"68","Clark Peak","Colorado","Medicine Bow Mountains","3948.4","12,954","845","2,771","26.4","16.40","40°36′24″N 105°55′48″W﻿ / ﻿40.6068°N 105.9300°W﻿ / 40.6068; -105.9300﻿ (Clark Peak)"
"69","Mount Richthofen","Colorado","Never Summer Mountains","3946","12,945","817","2,680","15.54","9.66","40°28′10″N 105°53′40″W﻿ / ﻿40.4695°N 105.8945°W﻿ / 40.4695; -105.8945﻿ (Mount Richthofen)"
"70","Lizard Head Peak","Wyoming","Wind River Range","3916","12,847","580","1,902","10.40","6.46","42°47′24″N 109°11′52″W﻿ / ﻿42.7901°N 109.1978°W﻿ / 42.7901; -109.1978﻿ (Lizard Head Peak)"
"71","Granite Peak","Montana","Beartooth Mountains","3903.5","12,807","1457","4,779","138.5","86.0","45°09′48″N 109°48′27″W﻿ / ﻿45.1634°N 109.8075°W﻿ / 45.1634; -109.8075﻿ (Granite Peak)"
"72","Venado Peak","New Mexico","Taos Mountains","3883","12,739","906","2,971","18.99","11.80","36°47′30″N 105°29′36″W﻿ / ﻿36.7917°N 105.4933°W﻿ / 36.7917; -105.4933﻿ (Venado Peak)"
"73","Chair Mountain","Colorado","Elk Mountains","3879.1","12,727","750","2,461","14.30","8.89","39°03′29″N 107°16′56″W﻿ / ﻿39.0581°N 107.2822°W﻿ / 39.0581; -107.2822﻿ (Chair Mountain)"
"74","Mount Gunnison","Colorado","West Elk Mountains","3878.7","12,725","1079","3,539","19.05","11.84","38°48′44″N 107°22′57″W﻿ / ﻿38.8121°N 107.3826°W﻿ / 38.8121; -107.3826﻿ (Mount Gunnison)"
"75","East Spanish Peak","Colorado","Spanish Peaks","3867","12,688","726","2,383","6.78","4.21","37°23′36″N 104°55′12″W﻿ / ﻿37.3934°N 104.9201°W﻿ / 37.3934; -104.9201﻿ (East Spanish Peak)"
"76","Borah Peak","Idaho","Lost River Range","3861.2","12,668","1829","6,002","243","150.8","44°08′15″N 113°46′52″W﻿ / ﻿44.1374°N 113.7811°W﻿ / 44.1374; -113.7811﻿ (Borah Peak)"
"77","Mount Wood","Montana","Absaroka Range","3860","12,665","878","2,880","12.04","7.48","45°16′30″N 109°48′28″W﻿ / ﻿45.2749°N 109.8078°W﻿ / 45.2749; -109.8078﻿ (Mount Wood)"
"78","Santa Fe Baldy","New Mexico","Santa Fe Mountains","3850.1","12,632","610","2,002","17.69","10.99","35°49′56″N 105°45′29″W﻿ / ﻿35.8322°N 105.7581°W﻿ / 35.8322; -105.7581﻿ (Santa Fe Baldy)"
"79","Gothic Mountain","Colorado","Elk Mountains","3850","12,631","501","1,645","4.39","2.73","38°57′22″N 107°00′39″W﻿ / ﻿38.9562°N 107.0107°W﻿ / 38.9562; -107.0107﻿ (Gothic Mountain)"
"80","Castle Mountain","Montana","Absaroka Range","3846.1","12,618","814","2,672","15.67","9.74","45°05′56″N 109°37′50″W﻿ / ﻿45.0989°N 109.6305°W﻿ / 45.0989; -109.6305﻿ (Castle Mountain)"
"81","Lone Cone","Colorado","San Miguel Mountains","3846.1","12,618","693","2,273","13.52","8.40","37°53′17″N 108°15′20″W﻿ / ﻿37.8880°N 108.2556°W﻿ / 37.8880; -108.2556﻿ (Lone Cone)"
"82","Mount Moran","Wyoming","Teton Range","3843.5","12,610","806","2,645","9.94","6.18","43°50′06″N 110°46′35″W﻿ / ﻿43.8350°N 110.7765°W﻿ / 43.8350; -110.7765﻿ (Mount Moran)"
"83","Little Costilla Peak","New Mexico","Culebra Range","3836.8","12,588","745","2,444","12.48","7.75","36°50′01″N 105°13′22″W﻿ / ﻿36.8335°N 105.2229°W﻿ / 36.8335; -105.2229﻿ (Little Costilla Peak)"
"84","Graham Peak","Colorado","San Juan Mountains","3821.1","12,536","778","2,551","13.90","8.64","37°29′50″N 107°22′34″W﻿ / ﻿37.4972°N 107.3761°W﻿ / 37.4972; -107.3761﻿ (Graham Peak)"
"85","Whetstone Mountain","Colorado","West Elk Mountains","3818.1","12,527","749","2,456","15.11","9.39","38°49′20″N 106°58′48″W﻿ / ﻿38.8223°N 106.9799°W﻿ / 38.8223; -106.9799﻿ (Whetstone Mountain)"
"86","Atlantic Peak","Wyoming","Wind River Range","3808","12,495","655","2,150","14.60","9.07","42°36′59″N 109°00′05″W﻿ / ﻿42.6165°N 109.0013°W﻿ / 42.6165; -109.0013﻿ (Atlantic Peak)"
"87","Specimen Mountain","Colorado","Front Range","3808","12,494","528","1,731","7.56","4.70","40°26′42″N 105°48′29″W﻿ / ﻿40.4449°N 105.8081°W﻿ / 40.4449; -105.8081﻿ (Specimen Mountain)"
"88","Baldy Mountain","New Mexico","Cimarron Range","3793.3","12,445","823","2,701","18.24","11.33","36°37′48″N 105°12′48″W﻿ / ﻿36.6299°N 105.2134°W﻿ / 36.6299; -105.2134﻿ (Baldy Mountain)"
"89","East Beckwith Mountain","Colorado","West Elk Mountains","3792.1","12,441","760","2,492","10.05","6.24","38°50′47″N 107°13′24″W﻿ / ﻿38.8464°N 107.2233°W﻿ / 38.8464; -107.2233﻿ (East Beckwith Mountain)"
"90","Knobby Crest","Colorado","Kenosha Mountains","3790","12,434","536","1,759","13.31","8.27","39°22′05″N 105°36′18″W﻿ / ﻿39.3681°N 105.6050°W﻿ / 39.3681; -105.6050﻿ (Knobby Crest)"
"91","Bison Peak","Colorado","Tarryall Mountains","3789.4","12,432","747","2,451","29.3","18.23","39°14′18″N 105°29′52″W﻿ / ﻿39.2384°N 105.4978°W﻿ / 39.2384; -105.4978﻿ (Bison Peak)"
"92","Anthracite Peak","Colorado","West Elk Mountains","3777.8","12,394","648","2,125","7.68","4.77","38°48′52″N 107°08′40″W﻿ / ﻿38.8145°N 107.1445°W﻿ / 38.8145; -107.1445﻿ (Anthracite Peak)"
"93","Matchless Mountain","Colorado","Elk Mountains","3776","12,389","537","1,763","12.67","7.87","38°50′02″N 106°38′42″W﻿ / ﻿38.8340°N 106.6451°W﻿ / 38.8340; -106.6451﻿ (Matchless Mountain)"
"94","Flat Top Mountain","Colorado","Flat Tops","3767.7","12,361","1236","4,054","65.6","40.8","40°00′53″N 107°05′00″W﻿ / ﻿40.0147°N 107.0833°W﻿ / 40.0147; -107.0833﻿ (Flat Top Mountain)"
"95","Mount Nystrom","Wyoming","Wind River Range","3767.5","12,361","554","1,816","7.92","4.92","42°38′30″N 109°05′38″W﻿ / ﻿42.6418°N 109.0939°W﻿ / 42.6418; -109.0939﻿ (Mount Nystrom)"
"96","Greenhorn Mountain","Colorado","Wet Mountains","3765.0","12,352","1151","3,777","40.6","25.2","37°52′53″N 105°00′48″W﻿ / ﻿37.8815°N 105.0133°W﻿ / 37.8815; -105.0133﻿ (Greenhorn Mountain)"
"97","Elliott Mountain","Colorado","San Miguel Mountains","3763","12,346","683","2,240","8.26","5.13","37°44′04″N 108°03′29″W﻿ / ﻿37.7344°N 108.0580°W﻿ / 37.7344; -108.0580﻿ (Elliott Mountain)"
"98","Carter Mountain","Wyoming","Absaroka Range","3756.4","12,324","518","1,699","26.8","16.68","44°11′50″N 109°24′40″W﻿ / ﻿44.1972°N 109.4112°W﻿ / 44.1972; -109.4112﻿ (Carter Mountain)"
"99","Parkview Mountain","Colorado","Rabbit Ears Range","3749.4","12,301","816","2,676","15.07","9.36","40°19′49″N 106°08′11″W﻿ / ﻿40.3303°N 106.1363°W﻿ / 40.3303; -106.1363﻿ (Parkview Mountain)"
"100","Cornwall Mountain","Colorado","San Juan Mountains","3746","12,291","532","1,744","8.37","5.20","37°22′52″N 106°29′31″W﻿ / ﻿37.3811°N 106.4920°W﻿ / 37.3811; -106.4920﻿ (Cornwall Mountain)"
"101","Mount Columbia","Alberta  British Columbia","Canadian Rockies","3741","12,274","2371","7,779","158.0","98.2","52°08′50″N 117°26′30″W﻿ / ﻿52.1473°N 117.4416°W﻿ / 52.1473; -117.4416﻿ (Mount Columbia)"
"102","Trout Peak","Wyoming","Absaroka Range","3733.7","12,250","1129","3,704","45.7","28.4","44°36′04″N 109°31′31″W﻿ / ﻿44.6012°N 109.5253°W﻿ / 44.6012; -109.5253﻿ (Trout Peak)"
"103","North Twin Peak","Alberta","Canadian Rockies","3733","12,247","743","2,438","8.52","5.29","52°13′26″N 117°26′04″W﻿ / ﻿52.2238°N 117.4345°W﻿ / 52.2238; -117.4345﻿ (North Twin Peak)"
"104","Diamond Peak","Idaho","Lemhi Range","3719.3","12,202","1642","5,387","51.2","31.8","44°08′29″N 113°04′58″W﻿ / ﻿44.1414°N 113.0827°W﻿ / 44.1414; -113.0827﻿ (Diamond Peak)"
"105","Mount Zirkel","Colorado","Park Range","3714","12,185","1058","3,470","60.6","37.7","40°49′53″N 106°39′47″W﻿ / ﻿40.8313°N 106.6631°W﻿ / 40.8313; -106.6631﻿ (Mount Zirkel)"
"106","Crested Butte","Colorado","Elk Mountains","3709","12,168","787","2,582","7.49","4.65","38°53′01″N 106°56′37″W﻿ / ﻿38.8835°N 106.9436°W﻿ / 38.8835; -106.9436﻿ (Crested Butte)"
"107","Younts Peak","Wyoming","Absaroka Range","3708.3","12,166","683","2,241","20.4","12.70","43°58′55″N 109°51′59″W﻿ / ﻿43.9820°N 109.8665°W﻿ / 43.9820; -109.8665﻿ (Younts Peak)"
"108","Sawtooth Mountain","Colorado","La Garita Mountains","3704.2","12,153","587","1,927","26.9","16.73","38°16′26″N 106°52′01″W﻿ / ﻿38.2740°N 106.8670°W﻿ / 38.2740; -106.8670﻿ (Sawtooth Mountain)"
"109","Park Cone","Colorado","Sawatch Range","3690","12,106","622","2,040","5.53","3.44","38°47′48″N 106°36′10″W﻿ / ﻿38.7967°N 106.6028°W﻿ / 38.7967; -106.6028﻿ (Park Cone)"
"110","Carbon Peak","Colorado","West Elk Mountains","3684.3","12,088","664","2,179","6.31","3.92","38°47′39″N 107°02′35″W﻿ / ﻿38.7943°N 107.0431°W﻿ / 38.7943; -107.0431﻿ (Carbon Peak)"
"111","Glover Peak","Wyoming","Wind River Range","3680","12,072","520","1,706","4.00","2.49","43°09′32″N 109°45′56″W﻿ / ﻿43.1589°N 109.7656°W﻿ / 43.1589; -109.7656﻿ (Glover Peak)"
"112","Mount Guero","Colorado","West Elk Mountains","3675.4","12,058","741","2,432","10.27","6.38","38°43′11″N 107°23′10″W﻿ / ﻿38.7196°N 107.3861°W﻿ / 38.7196; -107.3861﻿ (Mount Guero)"
"113","Red Table Mountain","Colorado","Sawatch Range","3670.7","12,043","615","2,017","12.68","7.88","39°25′05″N 106°46′16″W﻿ / ﻿39.4181°N 106.7712°W﻿ / 39.4181; -106.7712﻿ (Red Table Mountain)"
"114","Chalk Benchmark","Colorado","San Juan Mountains","3669.3","12,038","601","1,971","11.68","7.26","37°08′30″N 106°45′00″W﻿ / ﻿37.1418°N 106.7500°W﻿ / 37.1418; -106.7500﻿ (Chalk Benchmark)"
"115","Mount Clemenceau","British Columbia","Canadian Rockies","3664","12,021","1494","4,902","35.9","22.3","52°14′51″N 117°57′28″W﻿ / ﻿52.2475°N 117.9578°W﻿ / 52.2475; -117.9578﻿ (Mount Clemenceau)"
"116","Medicine Bow Peak","Wyoming","Medicine Bow Mountains","3662.4","12,016","988","3,243","65.4","40.6","41°21′37″N 106°19′03″W﻿ / ﻿41.3603°N 106.3176°W﻿ / 41.3603; -106.3176﻿ (Medicine Bow Peak)"
"117","Mount Zwischen","Colorado","Sangre de Cristo Mountains","3661","12,011","691","2,266","7.14","4.44","37°47′29″N 105°27′19″W﻿ / ﻿37.7913°N 105.4554°W﻿ / 37.7913; -105.4554﻿ (Mount Zwischen)"
"118","Little Cone","Colorado","San Miguel Mountains","3654.0","11,988","561","1,840","8.35","5.19","37°55′39″N 108°05′27″W﻿ / ﻿37.9275°N 108.0908°W﻿ / 37.9275; -108.0908﻿ (Little Cone)"
"119","Cerro Vista","New Mexico","Sangre de Cristo Mountains","3638.3","11,937","768","2,519","22.8","14.19","36°14′07″N 105°24′39″W﻿ / ﻿36.2353°N 105.4108°W﻿ / 36.2353; -105.4108﻿ (Cerro Vista)"
"120","Mount Nebo","Utah","Wasatch Range","3637","11,933","1679","5,508","121.6","75.6","39°49′19″N 111°45′37″W﻿ / ﻿39.8219°N 111.7603°W﻿ / 39.8219; -111.7603﻿ (Mount Nebo)"
"121","Mount Alberta","Alberta","Canadian Rockies","3620","11,877","800","2,625","6.86","4.26","52°17′06″N 117°28′38″W﻿ / ﻿52.2850°N 117.4772°W﻿ / 52.2850; -117.4772﻿ (Mount Alberta)"
"122","Mount Forbes","Alberta","Canadian Rockies","3617","11,867","1649","5,410","47.4","29.5","51°51′36″N 116°55′54″W﻿ / ﻿51.8600°N 116.9316°W﻿ / 51.8600; -116.9316﻿ (Mount Forbes)"
"123","Mount Assiniboine","Alberta  British Columbia","Canadian Rockies","3616","11,864","2082","6,831","141.8","88.1","50°52′11″N 115°39′03″W﻿ / ﻿50.8696°N 115.6509°W﻿ / 50.8696; -115.6509﻿ (Mount Assiniboine)"
"124","Huntsman Ridge[450][451][452] (Dutch Peak)","Colorado","Elk Mountains","3614","11,858","936","3,072","16.58","10.30","39°11′31″N 107°22′00″W﻿ / ﻿39.1920°N 107.3668°W﻿ / 39.1920; -107.3668﻿ (Huntsman Ridge)"
"125","Sheep Mountain","Colorado","Rabbit Ears Range","3604.2","11,825","546","1,792","11.53","7.16","40°21′40″N 106°15′57″W﻿ / ﻿40.3610°N 106.2658°W﻿ / 40.3610; -106.2658﻿ (Sheep Mountain)"
"126","Castle Peak","Idaho","White Cloud Mountains","3600.4","11,812","1230","4,035","44.0","27.3","44°02′25″N 114°35′19″W﻿ / ﻿44.0402°N 114.5887°W﻿ / 44.0402; -114.5887﻿ (Castle Peak)"
"127","Mount Timpanogos","Utah","Wasatch Range","3582","11,752","1609","5,279","63.8","39.6","40°23′27″N 111°38′45″W﻿ / ﻿40.3908°N 111.6459°W﻿ / 40.3908; -111.6459﻿ (Mount Timpanogos)"
"128","Waugh Mountain","Colorado","South Park Hills","3571","11,716","710","2,330","30.4","18.86","38°36′08″N 105°41′44″W﻿ / ﻿38.6022°N 105.6955°W﻿ / 38.6022; -105.6955﻿ (Waugh Mountain)"
"129","Coal Mountain","Colorado","West Elk Mountains","3569","11,710","523","1,715","9.22","5.73","38°47′13″N 107°29′01″W﻿ / ﻿38.7870°N 107.4837°W﻿ / 38.7870; -107.4837﻿ (Coal Mountain)"
"130","Mount Goodsir","British Columbia","Canadian Rockies","3567","11,703","1917","6,289","64.1","39.8","51°12′08″N 116°23′51″W﻿ / ﻿51.2021°N 116.3975°W﻿ / 51.2021; -116.3975﻿ (Mount Goodsir)"
"131","Black Mountain","Colorado","South Park Hills","3554","11,659","681","2,234","12.92","8.03","38°43′07″N 105°41′15″W﻿ / ﻿38.7185°N 105.6874°W﻿ / 38.7185; -105.6874﻿ (Black Mountain)"
"132","Williams Peak","Colorado","Front Range","3541.8","11,620","625","2,049","13.93","8.66","39°51′19″N 106°11′07″W﻿ / ﻿39.8552°N 106.1854°W﻿ / 39.8552; -106.1854﻿ (Williams Peak)"
"133","Mount Temple","Alberta","Canadian Rockies","3540","11,614","1530","5,020","21.3","13.22","51°21′04″N 116°12′23″W﻿ / ﻿51.3511°N 116.2063°W﻿ / 51.3511; -116.2063﻿ (Mount Temple)"
"134","Puma Peak","Colorado","South Park Hills","3528","11,575","689","2,260","11.44","7.11","39°09′26″N 105°34′53″W﻿ / ﻿39.1572°N 105.5815°W﻿ / 39.1572; -105.5815﻿ (Puma Peak)"
"135","Mount Mestas","Colorado","Sangre de Cristo Mountains","3528","11,574","679","2,229","23.3","14.47","37°34′59″N 105°08′51″W﻿ / ﻿37.5830°N 105.1474°W﻿ / 37.5830; -105.1474﻿ (Mount Mestas)"
"136","Mount Brazeau","Alberta","Canadian Rockies","3525","11,565","1475","4,839","30.8","19.14","52°33′05″N 117°21′18″W﻿ / ﻿52.5515°N 117.3549°W﻿ / 52.5515; -117.3549﻿ (Mount Brazeau)"
"137","Thirtynine Mile Mountain","Colorado","South Park Hills","3521","11,553","636","2,088","17.08","10.61","38°49′57″N 105°33′19″W﻿ / ﻿38.8324°N 105.5553°W﻿ / 38.8324; -105.5553﻿ (Thirtynine Mile Mountain)"
"138","Tomichi Dome","Colorado","Sawatch Range","3496","11,471","709","2,325","15.04","9.35","38°29′06″N 106°31′45″W﻿ / ﻿38.4849°N 106.5291°W﻿ / 38.4849; -106.5291﻿ (Tomichi Dome)"
"139","Blair Mountain","Colorado","White River Plateau","3495","11,465","529","1,736","18.50","11.50","39°47′39″N 107°25′03″W﻿ / ﻿39.7943°N 107.4176°W﻿ / 39.7943; -107.4176﻿ (Blair Mountain)"
"140","Twin Sisters Peaks","Colorado","Front Range","3485","11,433","700","2,298","6.48","4.03","40°17′19″N 105°31′03″W﻿ / ﻿40.2886°N 105.5175°W﻿ / 40.2886; -105.5175﻿ (Twin Sisters Peaks)"
"141","Elk Mountain","Colorado","Rabbit Ears Range","3482.1","11,424","658","2,159","16.93","10.52","40°09′43″N 106°07′43″W﻿ / ﻿40.1619°N 106.1285°W﻿ / 40.1619; -106.1285﻿ (Elk Mountain)"
"142","Wyoming Peak","Wyoming","Wyoming Range","3481.6","11,423","1084","3,558","81.8","50.8","42°36′15″N 110°37′26″W﻿ / ﻿42.6043°N 110.6238°W﻿ / 42.6043; -110.6238﻿ (Wyoming Peak)"
"143","Iron Mountain","Colorado","Sangre de Cristo Range","3480","11,416","595","1,951","11.18","6.95","37°38′15″N 105°15′14″W﻿ / ﻿37.6375°N 105.2538°W﻿ / 37.6375; -105.2538﻿ (Iron Mountain)"
"144","Marcellina Mountain","Colorado","West Elk Mountains","3461","11,353","831","2,728","8.18","5.08","38°55′48″N 107°14′38″W﻿ / ﻿38.9299°N 107.2438°W﻿ / 38.9299; -107.2438﻿ (Marcellina Mountain)"
"145","Crater Peak","Colorado","Front Range","3454.2","11,333","703","2,307","28.9","17.98","39°02′23″N 107°39′46″W﻿ / ﻿39.0396°N 107.6628°W﻿ / 39.0396; -107.6628﻿ (Crater Peak)"
"146","Hilgard Peak","Montana","Madison Range","3451","11,321","1238","4,063","123.0","76.4","44°55′00″N 111°27′33″W﻿ / ﻿44.9166°N 111.4593°W﻿ / 44.9166; -111.4593﻿ (Hilgard Peak)"
"147","Castle Peak","Colorado","Sawatch Range","3446","11,305","927","3,040","26.6","16.51","39°46′20″N 106°49′49″W﻿ / ﻿39.7723°N 106.8304°W﻿ / 39.7723; -106.8304﻿ (Castle Peak)"
"148","Mount Joffre","Alberta  British Columbia","Canadian Rockies","3433","11,263","1505","4,938","49.2","30.6","50°31′43″N 115°12′25″W﻿ / ﻿50.5285°N 115.2069°W﻿ / 50.5285; -115.2069﻿ (Mount Joffre)"
"149","Crazy Peak","Montana","Crazy Mountains","3418","11,214","1743","5,719","71.8","44.6","46°01′05″N 110°16′36″W﻿ / ﻿46.0181°N 110.2768°W﻿ / 46.0181; -110.2768﻿ (Crazy Peak)"
"150","Hardscrabble Mountain","Colorado","Sawatch Range","3405","11,171","520","1,706","11.31","7.03","39°31′02″N 106°48′08″W﻿ / ﻿39.5171°N 106.8021°W﻿ / 39.5171; -106.8021﻿ (Hardscrabble Mountain)"
"151","Tweedy Mountain","Montana","Pioneer Mountains","3401","11,159","1163","3,814","120.7","75.0","45°28′50″N 112°57′56″W﻿ / ﻿45.4805°N 112.9655°W﻿ / 45.4805; -112.9655﻿ (Tweedy Mountain)"
"152","Whitehorn Mountain","British Columbia","Canadian Rockies","3399","11,152","1747","5,732","7.94","4.93","53°08′13″N 119°16′00″W﻿ / ﻿53.1370°N 119.2667°W﻿ / 53.1370; -119.2667﻿ (Whitehorn Mountain)"
"153","Cochetopa Dome","Colorado","La Garita Mountains","3395","11,138","537","1,762","9.90","6.15","38°13′36″N 106°42′53″W﻿ / ﻿38.2267°N 106.7147°W﻿ / 38.2267; -106.7147﻿ (Cochetopa Dome)"
"154","Mount Hector","Alberta","Canadian Rockies","3394","11,135","1759","5,771","21.5","13.34","51°34′31″N 116°15′32″W﻿ / ﻿51.5752°N 116.2590°W﻿ / 51.5752; -116.2590﻿ (Mount Hector)"
"155","North Mamm Peak","Colorado","Front Range","3391.3","11,126","946","3,103","34.1","21.2","39°23′11″N 107°51′58″W﻿ / ﻿39.3865°N 107.8660°W﻿ / 39.3865; -107.8660﻿ (North Mamm Peak)"
"156","Mount Edith Cavell","Alberta","Canadian Rockies","3363","11,033","2033","6,670","47.2","29.3","52°40′02″N 118°03′25″W﻿ / ﻿52.6672°N 118.0569°W﻿ / 52.6672; -118.0569﻿ (Mount Edith Cavell)"
"157","Mount Fryatt","Alberta","Canadian Rockies","3361","11,027","1608","5,276","16.37","10.17","52°33′01″N 117°54′37″W﻿ / ﻿52.5503°N 117.9104°W﻿ / 52.5503; -117.9104﻿ (Mount Fryatt)"
"158","Laramie Mountains high point","Colorado","Laramie Mountains","3360","11,025","573","1,880","13.74","8.54","40°46′13″N 105°42′58″W﻿ / ﻿40.7704°N 105.7162°W﻿ / 40.7704; -105.7162﻿ (Laramie Mountains high point)"
"159","Mount Harrison","British Columbia","Canadian Rockies","3360","11,024","1770","5,807","52.1","32.4","50°03′37″N 115°12′21″W﻿ / ﻿50.0604°N 115.2057°W﻿ / 50.0604; -115.2057﻿ (Mount Harrison)"
"160","Sand Mountain North","Colorado","Elkhead Mountains","3317","10,884","664","2,179","28.5","17.70","40°45′49″N 107°03′27″W﻿ / ﻿40.7636°N 107.0575°W﻿ / 40.7636; -107.0575﻿ (Sand Mountain North)"
"161","Mount Chown","Alberta","Canadian Rockies","3316","10,879","1746","5,728","30.7","19.05","53°23′50″N 119°25′02″W﻿ / ﻿53.3971°N 119.4173°W﻿ / 53.3971; -119.4173﻿ (Mount Chown)"
"162","Black Mountain","Colorado","Elkhead Mountains","3312","10,865","744","2,440","26.4","16.40","40°47′01″N 107°22′09″W﻿ / ﻿40.7835°N 107.3691°W﻿ / 40.7835; -107.3691﻿ (Black Mountain)"
"163","Sleepy Cat Peak","Colorado","Flat Tops","3308","10,853","716","2,348","17.13","10.64","40°07′39″N 107°32′02″W﻿ / ﻿40.1275°N 107.5338°W﻿ / 40.1275; -107.5338﻿ (Sleepy Cat Peak)"
"164","Spruce Mountain","Colorado","Grand Mesa","3303.5","10,838","553","1,813","13.41","8.33","39°11′50″N 107°31′19″W﻿ / ﻿39.1973°N 107.5220°W﻿ / 39.1973; -107.5220﻿ (Spruce Mountain)"
"165","West Goat Peak","Montana","Anaconda Range","3291","10,798","1211","3,973","62.9","39.1","45°57′45″N 113°23′42″W﻿ / ﻿45.9625°N 113.3949°W﻿ / 45.9625; -113.3949﻿ (West Goat Peak)"
"166","Thompson Peak","Idaho","Sawtooth Range","3278.4","10,756","747","2,451","28.6","17.77","44°08′29″N 115°00′36″W﻿ / ﻿44.1415°N 115.0100°W﻿ / 44.1415; -115.0100﻿ (Thompson Peak)"
"167","Mount Sir Alexander","British Columbia","Canadian Rockies","3275","10,745","1762","5,781","87.8","54.5","53°56′10″N 120°23′13″W﻿ / ﻿53.9360°N 120.3869°W﻿ / 53.9360; -120.3869﻿ (Mount Sir Alexander)"
"168","Homer Youngs Peak","Montana","Bitterroot Range","3239","10,626","976","3,201","57.2","35.5","45°18′40″N 113°40′38″W﻿ / ﻿45.3111°N 113.6773°W﻿ / 45.3111; -113.6773﻿ (Homer Youngs Peak)"
"169","Hollowtop Mountain","Montana","Tobacco Root Mountains","3234","10,609","1190","3,904","54.8","34.0","45°36′42″N 112°00′30″W﻿ / ﻿45.6116°N 112.0083°W﻿ / 45.6116; -112.0083﻿ (Hollowtop Mountain)"
"170","Sunset Peak","Montana","Snowcrest Range","3227","10,586","1146","3,761","50.3","31.2","44°51′21″N 112°08′48″W﻿ / ﻿44.8559°N 112.1468°W﻿ / 44.8559; -112.1468﻿ (Sunset Peak)"
"171","Mount Ida","British Columbia","Canadian Rockies","3200","10,499","1530","5,020","14.14","8.79","54°03′29″N 120°19′36″W﻿ / ﻿54.0580°N 120.3268°W﻿ / 54.0580; -120.3268﻿ (Mount Ida)"
"172","Mount Cleveland","Montana","Lewis Range","3194","10,479","1599","5,246","159.9","99.4","48°55′30″N 113°50′54″W﻿ / ﻿48.9249°N 113.8482°W﻿ / 48.9249; -113.8482﻿ (Mount Cleveland)"
"173","Green Mountain","Colorado","Kenosha Mountains","3178.3","10,427","567","1,859","6.72","4.18","39°18′19″N 105°18′00″W﻿ / ﻿39.3053°N 105.3001°W﻿ / 39.3053; -105.3001﻿ (Green Mountain)"
"174","Laramie Peak","Wyoming","Laramie Mountains","3132.0","10,276","1011","3,317","108.4","67.4","42°16′05″N 105°26′33″W﻿ / ﻿42.2681°N 105.4425°W﻿ / 42.2681; -105.4425﻿ (Laramie Peak)"
"175","Columbus Mountain","Colorado","Elkhead Mountains","3126","10,258","583","1,913","12.36","7.68","40°52′48″N 107°11′32″W﻿ / ﻿40.8799°N 107.1921°W﻿ / 40.8799; -107.1921﻿ (Columbus Mountain)"
"176","Table Mountain","Montana","Highland Mountains","3117","10,228","1348","4,422","31.1","19.30","45°44′33″N 112°27′43″W﻿ / ﻿45.7426°N 112.4619°W﻿ / 45.7426; -112.4619﻿ (Table Mountain)"
"177","Mount Regan (Idaho)","Idaho","Sawtooth Range","3108","10,195","527","1,730","3.06","1.90","44°09′35″N 115°03′42″W﻿ / ﻿44.1598°N 115.0616°W﻿ / 44.1598; -115.0616﻿ (Mount Regan (Idaho))"
"178","Trapper Peak","Montana","Bitterroot Range","3097","10,162","1088","3,570","65.6","40.8","45°53′23″N 114°17′52″W﻿ / ﻿45.8898°N 114.2978°W﻿ / 45.8898; -114.2978﻿ (Trapper Peak)"
"179","Mount Stimson","Montana","Lewis Range","3092.6","10,146","1342","4,402","48.3","30.0","48°30′51″N 113°36′37″W﻿ / ﻿48.5142°N 113.6104°W﻿ / 48.5142; -113.6104﻿ (Mount Stimson)"
"180","Jeanette Peak","British Columbia","Canadian Rockies","3089","10,135","1657","5,436","17.54","10.90","52°38′09″N 118°37′00″W﻿ / ﻿52.6357°N 118.6166°W﻿ / 52.6357; -118.6166﻿ (Jeanette Peak)"
"181","Kintla Peak","Montana","Livingston Range","3080","10,106","1341","4,401","23.8","14.78","48°56′37″N 114°10′17″W﻿ / ﻿48.9437°N 114.1714°W﻿ / 48.9437; -114.1714﻿ (Kintla Peak)"
"182","Ferris Mountain","Wyoming","Ferris Mountains","3069.6","10,071","1000","3,282","89.0","55.3","42°15′24″N 107°14′22″W﻿ / ﻿42.2566°N 107.2394°W﻿ / 42.2566; -107.2394﻿ (Ferris Mountain)"
"183","Naomi Peak","Utah","Wasatch Range","3043","9,984","966","3,169","98.9","61.5","41°54′41″N 111°40′31″W﻿ / ﻿41.9114°N 111.6754°W﻿ / 41.9114; -111.6754﻿ (Naomi Peak)"
"184","Horse Mountain","Colorado","San Juan Mountains","3033","9,952","575","1,887","21.0","13.06","37°18′29″N 107°17′11″W﻿ / ﻿37.3080°N 107.2864°W﻿ / 37.3080; -107.2864﻿ (Horse Mountain)"
